first_name,last_name,email,phone
Samaria,Dargan,sdargan0@businesswire.com,291 317 4957
Noel,Yurtsev,nyurtsev1@deviantart.com,886 313 9356
Cynthia,Bangiard,cbangiard2@theglobeandmail.com,686 868 4983
Deonne,McKendo,dmckendo3@upenn.edu,950 122 5840
Granthem,Grombridge,ggrombridge4@feedburner.com,689 435 7113
Salomon,Melhuish,smelhuish5@shutterfly.com,226 874 6995
Marigold,Mapham,mmapham6@mtv.com,506 928 0389
Anastasia,Carrabot,acarrabot7@yolasite.com,240 537 2467
Karoline,Howlett,khowlett8@paypal.com,661 292 0286
Enrika,Balbeck,ebalbeck9@tamu.edu,390 408 1406
Merry,Chumley,mchumleya@auda.org.au,434 926 4190
Benedetta,Bugg,bbuggb@google.pl,756 318 3813
Axe,Macklin,amacklinc@craigslist.org,224 699 5800
Robinson,Corhard,rcorhardd@twitpic.com,402 122 9598
Celestina,Bruffell,cbruffelle@ucoz.com,738 576 1321
Drusy,Atwood,datwoodf@phpbb.com,955 874 8312
Noreen,Minchi,nminchig@infoseek.co.jp,437 663 6765
Chlo,Jeavons,cjeavonsh@dagondesign.com,265 388 8640
Dew,Roscow,droscowi@apache.org,778 871 2720
Massimiliano,Durak,mdurakj@microsoft.com,698 322 2482
Haslett,Sutor,hsutork@wikia.com,789 290 7080
Willard,Melley,wmelleyl@unicef.org,550 442 0236
Jonathon,McCrackem,jmccrackemm@tumblr.com,968 461 8198
Maridel,Idenden,midendenn@canalblog.com,926 831 8675
Lucille,Fenby,lfenbyo@paypal.com,602 870 3426
Daile,Nussgen,dnussgenp@edublogs.org,342 555 8882
Dela,Portt,dporttq@networksolutions.com,591 749 7757
Dieter,Dumblton,ddumbltonr@nhs.uk,156 556 3443
Sybille,Renachowski,srenachowskis@google.co.uk,200 203 3955
Tammy,Minillo,tminillot@comsenz.com,300 321 5971
